PNR,HHNR,APER,w
1,1,3,1.3604261622
2,1,3,1.3604261622
3,1,3,1.3604261622
4,2,2,25.6599183213
5,2,2,25.6599183213
6,3,3,7.97912141501
7,3,3,7.97912141501
8,3,3,7.97912141501
9,4,3,27.7905821639
10,4,3,27.7905821639
11,4,3,27.7905821639
12,5,3,18.4517136842
13,5,3,18.4517136842
14,5,3,18.4517136842
15,6,2,8.64166543723
16,6,2,8.64166543723
17,7,5,1.47338875225
18,7,5,1.47338875225
19,7,5,1.47338875225
20,7,5,1.47338875225
21,7,5,1.47338875225
22,8,2,8.64166543723
23,8,2,8.64166543723
