PNR,HHNR,APER,w
1,1,3,8.10994740537
2,1,3,8.10994740537
3,1,3,8.10994740537
4,2,2,23.9377169942
5,2,2,23.9377169942
6,3,3,2.95225602734
7,3,3,2.95225602734
8,3,3,2.95225602734
9,4,3,25.8071151301
10,4,3,25.8071151301
11,4,3,25.8071151301
12,5,3,14.7441851636
13,5,3,14.7441851636
14,5,3,14.7441851636
15,6,2,10.8266402607
16,6,2,10.8266402607
17,7,5,2.79549875785
18,7,5,2.79549875785
19,7,5,2.79549875785
20,7,5,2.79549875785
21,7,5,2.79549875785
22,8,2,10.8266402607
23,8,2,10.8266402607
