PNR,HHNR,APER,w
1,1,3,8.10994742807
2,1,3,8.10994742807
3,1,3,8.10994742807
4,2,2,23.9377908261
5,2,2,23.9377908261
6,3,3,2.95218940396
7,3,3,2.95218940396
8,3,3,2.95218940396
9,4,3,25.8071769173
10,4,3,25.8071769173
11,4,3,25.8071769173
12,5,3,14.7443795751
13,5,3,14.7443795751
14,5,3,14.7443795751
15,6,2,10.8265401455
16,6,2,10.8265401455
17,7,5,2.79543555851
18,7,5,2.79543555851
19,7,5,2.79543555851
20,7,5,2.79543555851
21,7,5,2.79543555851
22,8,2,10.8265401455
23,8,2,10.8265401455
