GROUP,IND,APER
39.0,100.060377358,0
4.52090214676,57.2136871949,0
3.08125991879,35.0744641874,0
2.2496673993,22.3846175918,0
1.82483149335,14.7824351157,0
1.59075958602,10.1135863561,0
1.45457222108,7.20517841918,0
