PNR,HHNR,APER,w
1,1,3,8.93749272118
2,1,3,8.93749272118
3,1,3,8.93749272118
4,2,2,23.4484831542
5,2,2,23.4484831542
6,3,3,2.61406137756
7,3,3,2.61406137756
8,3,3,2.61406137756
9,4,3,25.8990876754
10,4,3,25.8990876754
11,4,3,25.8990876754
12,5,3,14.3475128924
13,5,3,14.3475128924
14,5,3,14.3475128924
15,6,2,11.0097068674
16,6,2,11.0097068674
17,7,5,2.73394844448
18,7,5,2.73394844448
19,7,5,2.73394844448
20,7,5,2.73394844448
21,7,5,2.73394844448
22,8,2,11.0097068674
23,8,2,11.0097068674
