PNR,HHNR,APER,w
1,1,3,7.53522552457
2,1,3,7.53522552457
3,1,3,7.53522552457
4,2,2,25.4116588252
5,2,2,25.4116588252
6,3,3,2.05311565028
7,3,3,2.05311565028
8,3,3,2.05311565028
9,4,3,24.3848740951
10,4,3,24.3848740951
11,4,3,24.3848740951
12,5,3,14.7965329202
13,5,3,14.7965329202
14,5,3,14.7965329202
15,6,2,11.0375878574
16,6,2,11.0375878574
17,7,5,3.74341726995
18,7,5,3.74341726995
19,7,5,3.74341726995
20,7,5,3.74341726995
21,7,5,3.74341726995
22,8,2,11.0375878574
23,8,2,11.0375878574
