PNR,HHNR,APER,w
1,1,3,7.09409295125
2,1,3,7.09409295125
3,1,3,7.09409295125
4,2,2,26.0035832621
5,2,2,26.0035832621
6,3,3,1.9023237867
7,3,3,1.9023237867
8,3,3,1.9023237867
9,4,3,23.9392443148
10,4,3,23.9392443148
11,4,3,23.9392443148
12,5,3,14.9428275768
13,5,3,14.9428275768
14,5,3,14.9428275768
15,6,2,11.0387121591
16,6,2,11.0387121591
17,7,5,4.04050379014
18,7,5,4.04050379014
19,7,5,4.04050379014
20,7,5,4.04050379014
21,7,5,4.04050379014
22,8,2,11.0387121591
23,8,2,11.0387121591
